signal_date,execution_date,pre_trade_nav,end_nav,total_cost,buy_scale,attempted_order_count,executed_order_count,blocked_order_count,replacement_buy_count
2024-01-02,2024-01-03,1.0,0.9994003597841296,0.000599640215870476,0.9994003597841296,100,100,0,0
2024-01-03,2024-01-04,0.9995085617150719,0.9992522589030762,0.00025630281199566713,1.0,30,30,0,0
2024-01-04,2024-01-05,0.9945736625829974,0.9942855546218798,0.0002881079611174566,1.0,34,34,0,0
2024-01-05,2024-01-08,0.97960295490043,0.9792673938250508,0.0003355610753790533,1.0,40,40,0,0
2024-01-08,2024-01-09,0.9573978072196058,0.9570715275763921,0.00032627964321370307,1.0,40,40,0,0
2024-01-09,2024-01-10,0.9564660430940377,0.9561404856878015,0.00032555740623635345,1.0,40,40,0,0
2024-01-10,2024-01-11,0.9514712098087481,0.9511457623080255,0.00032544750072263526,1.0,40,40,0,0
2024-01-11,2024-01-12,0.9668789764739192,0.9665826793471949,0.000296297126724401,1.0,36,36,0,0
2024-01-12,2024-01-15,0.9603958665357201,0.9601318469325596,0.0002640196031605224,1.0,32,32,0,0
2024-01-15,2024-01-16,0.9588908723610764,0.9586803630551392,0.00021050930593735035,1.0,26,26,0,0
2024-01-16,2024-01-17,0.951874278438362,0.9516792506113387,0.0001950278270232133,1.0,24,24,0,0
2024-01-17,2024-01-18,0.9263208972216314,0.9260508834076357,0.00027001381399539224,1.0,34,34,0,0
2024-01-18,2024-01-19,0.9194742002006658,0.9191319601028961,0.00034224009776964633,1.0,44,44,0,0
2024-01-19,2024-01-22,0.910232662204298,0.9099535991649513,0.0002790630393466126,1.0,36,36,0,0
2024-01-22,2024-01-23,0.8542234991805434,0.8538574534106297,0.00036604576991376036,1.0,50,50,0,0
2024-01-23,2024-01-24,0.8677984778126601,0.8674457732873104,0.0003527045253496945,1.0,48,48,0,0
2024-01-24,2024-01-25,0.8780826819695812,0.8777673063079321,0.00031537566164904085,1.0,42,42,0,0
2024-01-25,2024-01-26,0.9076875537802064,0.9073934504102499,0.00029410336995645223,1.0,38,38,0,0
2024-01-26,2024-01-29,0.9080737117917806,0.9077174847498807,0.0003562270418999416,1.0,46,46,0,0
2024-01-29,2024-01-30,0.8768131435745434,0.8765167517713546,0.00029639180318875,1.0,40,40,0,0
2024-01-30,2024-01-31,0.8442990029222608,0.8439984262830522,0.0003005766392086036,1.0,42,42,0,0
2024-01-31,2024-02-01,0.8018042012568635,0.8014404473308095,0.0003637539260537981,0.939464501340329,58,56,2,0
2024-02-01,2024-02-02,0.7956982227907917,0.7955181712774904,0.000180051513301327,1.0,28,27,1,0
2024-02-02,2024-02-05,0.7503064150715636,0.7500532077920636,0.0002532072794998117,1.0,41,40,1,0
2024-02-05,2024-02-06,0.6948332595595225,0.6945031467093549,0.00033011285016750625,1.0,57,56,1,0
2024-02-06,2024-02-07,0.7572912317229624,0.7568696497257852,0.00042158199717726885,0.9932108389520518,67,66,1,0
2024-02-07,2024-02-08,0.7964619624416718,0.7961085058944178,0.00035345654725378465,1.0,53,52,1,0
2024-02-08,2024-02-19,0.8482680487851155,0.8479023129805621,0.0003657358045534104,1.0,51,51,0,0
2024-02-19,2024-02-20,0.8372338565875579,0.8369626016408349,0.00027125494672277127,1.0,38,38,0,0
2024-02-20,2024-02-21,0.8354039473202909,0.8351765108069432,0.0002274365133477423,1.0,32,32,0,0
2024-02-21,2024-02-22,0.8467598125332476,0.8465707504701566,0.00018906206309092312,1.0,26,26,0,0
2024-02-22,2024-02-23,0.8573202564244077,0.8571136042594124,0.0002066521649952113,1.0,28,28,0,0
2024-02-23,2024-02-26,0.8692634563411893,0.8690704673607234,0.00019298898046598426,1.0,26,26,0,0
2024-02-26,2024-02-27,0.8716991494653454,0.8714746659161972,0.00022448354914821498,1.0,30,30,0,0
2024-02-27,2024-02-28,0.892321202192737,0.8920313779446111,0.00028982424812597376,1.0,38,38,0,0
2024-02-28,2024-02-29,0.8576983676331746,0.8572879660533705,0.0004104015798039063,1.0,56,56,0,0
2024-02-29,2024-03-01,0.8905059114112235,0.8901258298976453,0.0003800815135781405,1.0,50,50,0,0
2024-03-01,2024-03-04,0.8945556066751538,0.8943123375638283,0.00024326911132555338,1.0,32,32,0,0
2024-03-04,2024-03-05,0.8865858426744121,0.8862881551340036,0.0002976875404083548,1.0,40,40,0,0
2024-03-05,2024-03-06,0.8795138936099095,0.8792480145345964,0.0002658790753130807,1.0,36,35,1,0
2024-03-06,2024-03-07,0.8893750986330545,0.8889965564308805,0.00037854220217401033,1.0,51,50,1,0
2024-03-07,2024-03-08,0.8835506861512498,0.8832513787328827,0.00029930741836714736,1.0,41,40,1,0
2024-03-08,2024-03-11,0.888233382243163,0.8879016300776604,0.00033175216550259426,1.0,45,44,1,0
2024-03-11,2024-03-12,0.9048247513371174,0.904480974256392,0.00034377708072564684,1.0,45,45,0,0
2024-03-12,2024-03-13,0.9142361378797517,0.9138476840351685,0.0003884538445830454,1.0,50,50,0,0
2024-03-13,2024-03-14,0.9157861542943029,0.9154888233942051,0.0002973309000977528,1.0,38,38,0,0
2024-03-14,2024-03-15,0.9089966763731555,0.9087243923328077,0.0002722840403478775,1.0,36,35,1,0
2024-03-15,2024-03-18,0.924307651624907,0.9239619372648357,0.00034571436007140764,1.0,45,44,1,0
2024-03-18,2024-03-19,0.9312927900690547,0.9308771573447832,0.0004156327242713004,1.0,53,53,0,0
2024-03-19,2024-03-20,0.9244150714505117,0.9242106376482866,0.00020443380222525328,1.0,26,26,0,0
2024-03-20,2024-03-21,0.9341831900504605,0.9338966199077333,0.0002865701427270807,1.0,36,36,0,0
2024-03-21,2024-03-22,0.9315451276276193,0.9311956536226513,0.0003494740049678986,1.0,44,44,0,0
2024-03-22,2024-03-25,0.9165448198549833,0.9162009434283049,0.00034387642667831216,1.0,44,44,0,0
2024-03-25,2024-03-26,0.898881608263288,0.8985455460637239,0.0003360621995641429,1.0,44,44,0,0
2024-03-26,2024-03-27,0.8980688469764397,0.8977497067152338,0.0003191402612060079,1.0,42,42,0,0
2024-03-27,2024-03-28,0.8765740448339311,0.8761999019930036,0.00037414284092733693,1.0,50,50,0,0
2024-03-28,2024-03-29,0.8929715195054377,0.8925784007974873,0.00039311870795047203,1.0,52,52,0,0
2024-03-29,2024-04-01,0.9033825311821831,0.9031114559228748,0.00027107525930848475,1.0,36,35,1,0
2024-04-01,2024-04-02,0.922351323671172,0.922016380344994,0.0003349433261781778,1.0,43,43,0,0
2024-04-02,2024-04-03,0.9236665403093816,0.9233340277761446,0.00033251253323708516,1.0,42,42,0,0
2024-04-03,2024-04-08,0.9203381015028261,0.9200865575001118,0.0002515440027142801,1.0,32,32,0,0
2024-04-08,2024-04-09,0.9016767194335324,0.9013237786445686,0.0003529407889638382,1.0,46,46,0,0
2024-04-09,2024-04-10,0.9158809769543257,0.9154605284136789,0.00042044854064665486,1.0,54,54,0,0
2024-04-10,2024-04-11,0.8975646167128288,0.8973036369783144,0.00026097973451424147,1.0,34,34,0,0
2024-04-11,2024-04-12,0.903827859177628,0.9034576787781391,0.0003701803994888851,1.0,48,48,0,0
2024-04-12,2024-04-15,0.8925535154473637,0.8922651336521069,0.0002883817952568462,1.0,38,38,0,0
2024-04-15,2024-04-16,0.8713197043115677,0.870911504337907,0.0004081999736608165,1.0,56,56,0,0
2024-04-16,2024-04-17,0.8460262834561925,0.845707424156681,0.00031885929951158985,1.0,44,44,0,0
2024-04-17,2024-04-18,0.881661098426187,0.8813297598780412,0.00033133854814585795,1.0,44,44,0,0
2024-04-18,2024-04-19,0.8758813979509701,0.8756107023470573,0.0002706956039127425,1.0,36,36,0,0
2024-04-19,2024-04-22,0.8708873492860045,0.8706480553887522,0.00023929389725230526,1.0,32,32,0,0
2024-04-22,2024-04-23,0.8771607644816234,0.8768619525331453,0.000298811948477965,1.0,40,40,0,0
2024-04-23,2024-04-24,0.8780623327198008,0.8778098176004011,0.0002525151193997647,1.0,34,34,0,0
2024-04-24,2024-04-25,0.8821927226908916,0.8819338896590907,0.00025883303180089626,1.0,36,35,1,0
2024-04-25,2024-04-26,0.8875966962498124,0.8873405051171731,0.00025619113263934136,0.9982500738161809,35,34,1,0
2024-04-26,2024-04-29,0.9044660974084677,0.9041108302100597,0.0003552671984080859,1.0,47,46,1,0
2024-04-29,2024-04-30,0.9268323513827296,0.9263913910272085,0.0004409603555211088,1.0,57,56,1,0
2024-04-30,2024-05-06,0.9303905048697894,0.9300162161426152,0.000374288727174229,0.9863301755764101,49,48,1,0
2024-05-06,2024-05-07,0.9315071393917951,0.931255199592628,0.0002519397991670175,0.8828993104751324,37,34,3,0
2024-05-07,2024-05-08,0.9330732498305254,0.9328995422470976,0.00017370758342788572,0.9944511315613686,25,22,3,0
2024-05-08,2024-05-09,0.9211705499491613,0.9209248651862797,0.00024568476288163186,0.9794703344310057,35,32,3,0
2024-05-09,2024-05-10,0.9352222552979925,0.9349219439733921,0.0003003113246003297,0.993062008078614,41,38,3,0
2024-05-10,2024-05-13,0.922746426851423,0.9225098117906168,0.0002366150608063616,1.0,33,30,3,0
2024-05-13,2024-05-14,0.9148630537152778,0.9146920224882956,0.00017103122698220512,1.0,25,22,3,0
2024-05-14,2024-05-15,0.9169945622590066,0.9167758147510321,0.00021874750797437533,1.0,31,28,3,0
2024-05-15,2024-05-16,0.9105197852359543,0.9102359691348474,0.00028381610110689645,1.0,39,37,2,0
2024-05-16,2024-05-17,0.9103258809064972,0.9100616898239632,0.00026419108253400046,1.0,36,34,2,0
2024-05-17,2024-05-20,0.9242431040059167,0.9238827199731185,0.00036038403279823136,1.0,48,46,2,0
2024-05-20,2024-05-21,0.9258730438320436,0.9255420465001455,0.0003309973318980118,1.0,44,42,2,0
2024-05-21,2024-05-22,0.9169975052843877,0.9167006381165811,0.00029686716780670216,1.0,40,38,2,0
2024-05-22,2024-05-23,0.921926598354585,0.9216203535780877,0.0003062447764973368,1.0,40,39,1,0
2024-05-23,2024-05-24,0.9000458566417197,0.8998146303913672,0.00023122625035234295,1.0,31,30,1,0
2024-05-24,2024-05-27,0.895169869817975,0.8948967978200603,0.00027307199791465277,1.0,37,36,1,0
2024-05-27,2024-05-28,0.8992922888646141,0.899002361538359,0.00028992732625526075,1.0,39,38,1,0
2024-05-28,2024-05-29,0.8887704498611986,0.8885431773659043,0.00022727249529433567,1.0,31,30,1,0
2024-05-29,2024-05-30,0.8901851107762555,0.8898376003338304,0.00034751044242515975,1.0,47,46,1,0
2024-05-30,2024-05-31,0.8921062478829859,0.8917271528588485,0.00037909502413744294,1.0,51,50,1,0
2024-05-31,2024-06-03,0.8992525870139446,0.89890636327174,0.00034622374220486066,1.0,47,45,2,0
2024-06-03,2024-06-04,0.8764793653481293,0.8761724283127807,0.00030693703534859663,0.9586014120240056,46,43,3,0
2024-06-04,2024-06-05,0.8763702680299513,0.876161917054008,0.00020835097594342812,1.0,29,28,1,0
2024-06-05,2024-06-06,0.8652642999135359,0.8649835243434567,0.0002807755700790214,1.0,41,39,2,0
2024-06-06,2024-06-07,0.844853066844104,0.8446412955162232,0.0002117713278808122,0.985247059886332,32,30,2,0
2024-06-07,2024-06-11,0.8479380576633508,0.8476262103106482,0.0003118473527025752,1.0,44,43,1,0
2024-06-11,2024-06-12,0.8555801480753538,0.8552461147575924,0.00033403331776141063,1.0,47,46,1,0
2024-06-12,2024-06-13,0.860904043297583,0.860699173718967,0.00020486957861596115,1.0,29,28,1,0
2024-06-13,2024-06-14,0.8507262125947749,0.8505210355779682,0.000205177016806713,1.0,29,28,1,0
2024-06-14,2024-06-17,0.8502661543508849,0.8499925862716978,0.00027356807918717154,1.0,39,38,1,0
2024-06-17,2024-06-18,0.8534509378408895,0.8530464343610245,0.0004045034798652365,1.0,57,56,1,0
2024-06-18,2024-06-19,0.8630089535205742,0.8627581815109171,0.00025077200965710825,1.0,35,34,1,0
2024-06-19,2024-06-20,0.849984986216201,0.8497399866114254,0.00024499960477567933,1.0,35,34,1,0
2024-06-20,2024-06-21,0.8292990973346732,0.8289924733819128,0.0003066239527603163,1.0,45,44,1,0
2024-06-21,2024-06-24,0.8258661667163394,0.8256560586044991,0.00021010811184029522,1.0,31,30,1,0
2024-06-24,2024-06-25,0.8018991919338078,0.8015849812942903,0.0003142106395175118,1.0,47,46,1,0
2024-06-25,2024-06-26,0.8019287497894974,0.8015585886957552,0.00037016109374219015,1.0,55,54,1,0
2024-06-26,2024-06-27,0.827162518837084,0.826696444952421,0.0004660738846629901,1.0,67,66,1,0
2024-06-27,2024-06-28,0.8105102314543438,0.8101793233442579,0.0003309081100857991,1.0,49,48,1,0
2024-06-28,2024-07-01,0.813034604762703,0.8127309259703032,0.0003036787923998618,1.0,45,44,1,0
2024-07-01,2024-07-02,0.8230292160487229,0.8227207873513103,0.0003084286974126821,1.0,45,44,1,0
2024-07-02,2024-07-03,0.8211449602846123,0.8207954137215053,0.00034954656310690535,1.0,51,50,1,0
2024-07-03,2024-07-04,0.8174544499285288,0.8171332072912016,0.00032124263732724004,1.0,47,46,1,0
2024-07-04,2024-07-05,0.7955216300583813,0.7953070517884493,0.00021457826993189294,1.0,33,32,1,0
2024-07-05,2024-07-08,0.8054595000474587,0.8050465522565168,0.0004129477909420435,1.0,61,60,1,0
2024-07-08,2024-07-09,0.78250299197529,0.7820920488596858,0.00041094311560412424,1.0,63,62,1,0
2024-07-09,2024-07-10,0.792812595877731,0.792477863728915,0.000334732148815844,1.0,51,50,1,0
2024-07-10,2024-07-11,0.8023767712283615,0.802103296698973,0.00027347452938861444,1.0,41,40,1,0
2024-07-11,2024-07-12,0.8162377700995738,0.815902884630574,0.0003348854689995636,1.0,49,48,1,0
2024-07-12,2024-07-15,0.8119428597167782,0.8116935732842181,0.00024928643256002294,1.0,37,36,1,0
2024-07-15,2024-07-16,0.8002129653807933,0.8000091816090974,0.0002037837716958922,1.0,31,30,1,0
2024-07-16,2024-07-17,0.7975345362224787,0.7973184671981991,0.00021606902427961984,1.0,33,32,1,0
2024-07-17,2024-07-18,0.7919692379542551,0.7916439003107918,0.0003253376434634001,1.0,49,48,1,0
2024-07-18,2024-07-19,0.7932665491083838,0.7930774396889038,0.00018910941947999335,1.0,29,28,1,0
2024-07-19,2024-07-22,0.7980673563098304,0.7978414091537526,0.00022594715607773103,1.0,35,33,2,0
2024-07-22,2024-07-23,0.7949227660530901,0.7946250750596311,0.0002976909934589892,1.0,46,44,2,0
2024-07-23,2024-07-24,0.7767994604897182,0.7764776590619207,0.0003218014277974547,1.0,50,49,1,0
2024-07-24,2024-07-25,0.7643551033888674,0.7640431132540986,0.0003119901347688208,1.0,49,48,1,0
2024-07-25,2024-07-26,0.7756478694082315,0.7753703763150301,0.00027749309320131897,1.0,43,42,1,0
2024-07-26,2024-07-29,0.7897471559077874,0.7893836523690367,0.0003635035387506568,1.0,55,54,1,0
2024-07-29,2024-07-30,0.7825067319463838,0.7821749373282756,0.0003317946181079552,1.0,51,50,1,0
2024-07-30,2024-07-31,0.7884189081464038,0.7881899273094083,0.00022898083699542048,1.0,35,34,1,0
2024-07-31,2024-08-01,0.8194901791434452,0.8192528246120947,0.0002373545313505117,1.0,35,34,1,0
2024-08-01,2024-08-02,0.8130891866969618,0.8127912637243444,0.00029792297261748145,1.0,45,43,2,0
2024-08-02,2024-08-05,0.8062132160102692,0.8058838605339926,0.0003293554762766736,1.0,50,48,2,0
2024-08-05,2024-08-06,0.7997097850762226,0.7994047686953415,0.00030501638088090377,1.0,46,45,1,0
2024-08-06,2024-08-07,0.8043325063501116,0.8040908339200484,0.0002416724300631689,1.0,37,35,2,0
2024-08-07,2024-08-08,0.8019900015665937,0.8017115193696198,0.0002784821969739774,1.0,42,41,1,0
2024-08-08,2024-08-09,0.8078095323712494,0.807534823597148,0.00027470877410148005,1.0,41,40,1,0
2024-08-09,2024-08-12,0.7994340495551875,0.7991487607430877,0.00028528881209983836,1.0,43,42,1,0
2024-08-12,2024-08-13,0.7933087073328658,0.7929974716143438,0.00031123571852226825,1.0,47,46,1,0
2024-08-13,2024-08-14,0.7991123801347938,0.7988015430995655,0.0003108370352281612,1.0,47,46,1,0
2024-08-14,2024-08-15,0.7898816047653188,0.7896566453031217,0.00022495946219699565,1.0,35,33,2,0
2024-08-15,2024-08-16,0.7981652034444119,0.7978654835950995,0.000299719849312334,1.0,46,44,2,0
2024-08-16,2024-08-19,0.7874914259929916,0.7871732589887661,0.0003181670042255757,1.0,50,48,2,0
2024-08-19,2024-08-20,0.7910018352156839,0.7907292430533478,0.0002725921623362209,1.0,42,40,2,0
2024-08-20,2024-08-21,0.7740767119886736,0.7738619887708245,0.0002147232178490669,1.0,34,33,1,0
2024-08-21,2024-08-22,0.7741808116493276,0.7738951729623081,0.00028563868701941093,1.0,45,43,2,0
2024-08-22,2024-08-23,0.7618896457655105,0.7615652058747764,0.0003244398907343202,1.0,52,50,2,0
2024-08-23,2024-08-26,0.7615970145629425,0.7613107236583883,0.00028629090455415947,1.0,46,45,1,0
2024-08-26,2024-08-27,0.7697868012893299,0.7693547889979743,0.0004320122913556975,1.0,67,66,1,0
2024-08-27,2024-08-28,0.758350382794344,0.7579646902773065,0.00038569251703745065,1.0,61,60,1,0
2024-08-28,2024-08-29,0.7603319771504973,0.7599834357762606,0.000348541374236741,0.9989631352815087,55,54,1,0
2024-08-29,2024-08-30,0.7761901346496821,0.7759253022524707,0.00026483239721145877,1.0,41,40,1,0
2024-08-30,2024-09-02,0.79003824181559,0.7896325879841241,0.0004056538314659894,1.0,61,60,1,0
2024-09-02,2024-09-03,0.7771076732379069,0.7768034533481477,0.00030421988975929087,1.0,47,46,1,0
2024-09-03,2024-09-04,0.775438703038011,0.77528009172194,0.00015861131607101752,1.0,25,24,1,0
2024-09-04,2024-09-05,0.7755528802410993,0.7753943394973053,0.00015854074379386876,1.0,25,24,1,0
2024-09-05,2024-09-06,0.7825811372946229,0.7823664498824374,0.00021468741218549605,1.0,33,32,1,0
2024-09-06,2024-09-09,0.7664497239780702,0.7661898560682529,0.00025986790981742257,1.0,41,40,1,0
2024-09-09,2024-09-10,0.7657906513443579,0.76554249605969,0.0002481552846677573,1.0,39,38,1,0
2024-09-10,2024-09-11,0.7621628140009805,0.7619683781987164,0.00019443580226406542,1.0,31,30,1,0
2024-09-11,2024-09-12,0.760792022968588,0.7605981657384688,0.00019385723011916688,1.0,31,30,1,0
2024-09-12,2024-09-13,0.7610835420500388,0.7608766717804157,0.00020687026962303186,1.0,33,32,1,0
2024-09-13,2024-09-18,0.7527696029655417,0.7525253944932017,0.0002442084723401013,1.0,39,38,1,0
2024-09-18,2024-09-19,0.7515425902136446,0.7512477124445436,0.0002948777691009886,1.0,47,46,1,0
2024-09-19,2024-09-20,0.7669190706464502,0.7666198844952292,0.0002991861512209859,1.0,47,46,1,0
2024-09-20,2024-09-23,0.762011676055329,0.7617263899012041,0.0002852861541247373,1.0,45,44,1,0
2024-09-23,2024-09-24,0.7664128489193247,0.7661916659114248,0.0002211830078999282,1.0,35,34,1,0
2024-09-24,2024-09-25,0.8005813441641783,0.8002803917743415,0.00030095238983676465,1.0,45,44,1,0
2024-09-25,2024-09-26,0.799906055555375,0.7996463017846771,0.00025975377069794165,1.0,39,38,1,0
2024-09-26,2024-09-27,0.8442685306443253,0.8439508910874339,0.0003176395568914097,1.0,45,44,1,0
2024-09-27,2024-09-30,0.9044387890124971,0.9041612149613885,0.00027757405110853645,1.0,37,36,1,0
2024-09-30,2024-10-08,1.0635069503538461,1.0630551895087108,0.00045176084513558516,1.0,61,44,17,0
2024-10-08,2024-10-09,1.0018717692688934,1.0013436237946116,0.0005281454742819617,1.0,69,68,1,0
2024-10-09,2024-10-10,0.9412415022813213,0.9406579134751741,0.0005835888061466735,1.0,75,74,1,0
2024-10-10,2024-10-11,0.9332429506570632,0.9329407396022535,0.00030221105480954133,1.0,39,38,1,0
2024-10-11,2024-10-14,0.8948837948809699,0.8946560208310068,0.0002277740499630547,1.0,31,30,1,0
2024-10-14,2024-10-15,0.9085986839419744,0.9083375679027671,0.0002611160392073307,1.0,35,34,1,0
2024-10-15,2024-10-16,0.8820135166818653,0.8817592481728976,0.00025426850896781265,1.0,35,34,1,0
2024-10-16,2024-10-17,0.8974678941747074,0.8972678138182776,0.0002000803564298071,1.0,27,26,1,0
2024-10-17,2024-10-18,0.8846164913506499,0.8843903963496669,0.0002260950009829331,1.0,31,30,1,0
2024-10-18,2024-10-21,0.9190944436666078,0.9188741530538843,0.0002202906127234022,1.0,29,28,1,0
2024-10-21,2024-10-22,0.9193098078815573,0.9191066101261094,0.00020319775544794548,1.0,27,26,1,0
2024-10-22,2024-10-23,0.932256146674667,0.9319900086859019,0.00026613798876524443,1.0,35,34,1,0
2024-10-23,2024-10-24,0.9383564621397014,0.9380833246824462,0.0002731374572552222,1.0,35,34,1,0
2024-10-24,2024-10-25,0.9403173467893914,0.9399629228195785,0.0003544239698127793,1.0,45,44,1,0
2024-10-25,2024-10-28,0.9699809990695808,0.9695777420280903,0.0004032570414907332,1.0,49,48,1,0
2024-10-28,2024-10-29,0.9904963081340803,0.9901406673716481,0.0003556407624323379,1.0,43,42,1,0
2024-10-29,2024-10-30,0.9595505034128542,0.9592106226050748,0.0003398808077792099,1.0,43,42,1,0
2024-10-30,2024-10-31,0.9642064027065973,0.9639090696709078,0.0002973330356895989,1.0,37,36,1,0
2024-10-31,2024-11-01,0.9757423288726365,0.9753906738260728,0.00035165504656360245,1.0,43,42,1,0
2024-11-01,2024-11-04,0.9623987229479989,0.9621487069189427,0.00025001602905621407,1.0,31,30,1,0
2024-11-04,2024-11-05,0.9819422709046207,0.9816778461382352,0.0002644247663855604,1.0,33,32,1,0
2024-11-05,2024-11-06,1.0070970198517597,1.0067260451371711,0.0003709747145886443,1.0,45,43,2,0
2024-11-06,2024-11-07,1.0091306980771986,1.0088306034626444,0.0003000946145542051,1.0,36,35,1,0
2024-11-07,2024-11-08,1.052085882817578,1.0517260717943149,0.00035981102326332386,1.0,41,40,1,0
2024-11-08,2024-11-11,1.0357976172220378,1.035617965764096,0.00017965145794192257,1.0,21,20,1,0
2024-11-11,2024-11-12,1.0555541193272306,1.055427355274223,0.000126764053007899,1.0,15,14,1,0
2024-11-12,2024-11-13,1.0461427249120516,1.0459275231691185,0.00021520174293312644,1.0,25,24,1,0
2024-11-13,2024-11-14,1.047981804679564,1.0477679980519046,0.0002138066276592427,1.0,25,24,1,0
2024-11-14,2024-11-15,1.0171155454372895,1.0169777968085494,0.00013774862874007816,1.0,17,16,1,0
2024-11-15,2024-11-18,1.0150912746683225,1.0149090151534303,0.00018225951489205384,1.0,23,21,2,0
2024-11-18,2024-11-19,1.0041608162722522,1.0038538743857717,0.0003069418864806095,1.0,38,36,2,0
2024-11-19,2024-11-20,1.0248301823621602,1.0244977106119721,0.00033247175018822045,1.0,40,38,2,0
2024-11-20,2024-11-21,1.0385774083316246,1.0383418475779669,0.00023556075365763188,1.0,28,27,1,0
2024-11-21,2024-11-22,1.038215001445812,1.0379698474847017,0.00024515396111021855,1.0,29,28,1,0
2024-11-22,2024-11-25,1.0029793571411347,1.0026745378359103,0.0003048193052244947,1.0,37,36,1,0
2024-11-25,2024-11-26,1.0110411963886399,1.0107664982883384,0.000274698100301358,1.0,33,32,1,0
2024-11-26,2024-11-27,1.0024661248655664,1.0021583097265956,0.0003078151389709236,1.0,37,36,1,0
2024-11-27,2024-11-28,1.0188544657875038,1.0185790074377656,0.00027545834973819773,1.0,33,32,1,0
2024-11-28,2024-11-29,1.0165315158992174,1.0163083843364855,0.00022313156273195105,1.0,27,26,1,0
2024-11-29,2024-12-02,1.0346946309966405,1.034447631980712,0.0002469990159283671,1.0,29,28,1,0
2024-12-02,2024-12-03,1.054595658193,1.0543083681229082,0.0002872900700917222,1.0,33,32,1,0
2024-12-03,2024-12-04,1.0522218067293074,1.05207872967888,0.00014307705042738734,1.0,17,16,1,0
2024-12-04,2024-12-05,1.0328593964942856,1.032666106774355,0.00019328971993068725,1.0,23,22,1,0
2024-12-05,2024-12-06,1.0464216223439329,1.046206383945372,0.0002152383985609032,1.0,25,24,1,0
2024-12-06,2024-12-09,1.058579749640886,1.0583101762501146,0.0002695733907713317,1.0,31,30,1,0
2024-12-09,2024-12-10,1.0825776543266312,1.0822463607935695,0.00033129353306172863,1.0,37,36,1,0
2024-12-10,2024-12-11,1.0626063489688637,1.062388503574602,0.00021784539426181014,1.0,25,24,1,0
2024-12-11,2024-12-12,1.079049477648414,1.0787716600350208,0.00027781761339313145,1.0,31,30,1,0
2024-12-12,2024-12-13,1.0839109970983671,1.0835793846946082,0.0003316124037589162,1.0,37,36,1,0
2024-12-13,2024-12-16,1.0649915969133485,1.0646275691404692,0.00036402777287929247,1.0,41,40,1,0
2024-12-16,2024-12-17,1.0574735999080824,1.0571360705063932,0.0003375294016893224,1.0,39,38,1,0
2024-12-17,2024-12-18,1.0445063404328392,1.0442033686421384,0.0003029717907008942,1.0,35,34,1,0
2024-12-18,2024-12-19,1.0362405553634928,1.036045541303277,0.00019501406021608464,1.0,23,22,1,0
2024-12-19,2024-12-20,1.042041211898658,1.0418464673575039,0.00019474454115401565,1.0,23,22,1,0
2024-12-20,2024-12-23,1.0464428664674985,1.0462475273087057,0.00019533915879295206,1.0,23,22,1,0
2024-12-23,2024-12-24,1.024881814166836,1.024654093755997,0.00022772041083921304,1.0,27,26,1,0
2024-12-24,2024-12-25,1.037089201567067,1.0369299389129705,0.0001592626540967869,1.0,19,18,1,0
2024-12-25,2024-12-26,1.0253686931379404,1.0251778364333228,0.0001908567046178601,1.0,23,22,1,0
2024-12-26,2024-12-27,1.0352300229286202,1.0349650765584335,0.00026494637018658235,1.0,31,30,1,0
2024-12-27,2024-12-30,1.0441061007317234,1.043766428643131,0.00033967208859243646,1.0,39,38,1,0
2024-12-30,2024-12-31,1.039649073678179,1.0393129091469753,0.0003361645312038619,1.0,39,38,1,0
2024-12-31,2025-01-02,1.0132003284806577,1.0129410338432532,0.0002592946374045731,1.0,31,30,1,0
2025-01-02,2025-01-03,0.9924350469070828,0.9921659244158763,0.0002691224912064352,1.0,33,32,1,0
2025-01-03,2025-01-06,0.9725322688033053,0.97225306784236,0.0002792009609452457,1.0,35,34,1,0
2025-01-06,2025-01-07,0.9810082796815784,0.9806267358110139,0.0003815438705644197,1.0,47,46,1,0
2025-01-07,2025-01-08,0.9839560960687969,0.9836059451859713,0.00035015088282557276,1.0,43,42,1,0
2025-01-08,2025-01-09,0.9702140737306411,0.9699368607402796,0.00027721299036143494,1.0,35,34,1,0
2025-01-09,2025-01-10,0.975033482651786,0.9747348719682482,0.0002986106835380192,1.0,37,36,1,0
2025-01-10,2025-01-13,0.9494655785970486,0.9490923511993079,0.00037322739774068805,1.0,47,46,1,0
2025-01-13,2025-01-14,0.9667350252788863,0.9663901951138567,0.00034483016502968416,1.0,43,42,1,0
2025-01-14,2025-01-15,0.9956167516829367,0.9952940964297521,0.0003226552531847397,1.0,39,38,1,0
2025-01-15,2025-01-16,0.993718880558827,0.9934319343388377,0.0002869462199893126,1.0,35,34,1,0
2025-01-16,2025-01-17,0.9930043955753934,0.9927839582575286,0.00022043731786487622,1.0,27,26,1,0
2025-01-17,2025-01-20,1.004787122621994,1.004546975327414,0.00024014729458003947,1.0,29,28,1,0
2025-01-20,2025-01-21,1.0079269292507467,1.0076053215156011,0.00032160773514552585,1.0,39,38,1,0
2025-01-21,2025-01-22,0.9950386732948187,0.9947517889251336,0.0002868843696850758,1.0,35,34,1,0
2025-01-22,2025-01-23,0.9978881767880349,0.9976853538572765,0.0002028229307584237,1.0,25,24,1,0
2025-01-23,2025-01-24,0.9898239701519188,0.9894864454327923,0.00033752471912645366,1.0,41,40,1,0
2025-01-24,2025-01-27,1.0059252330586423,1.005597874234111,0.0003273588245312676,1.0,39,38,1,0
2025-01-27,2025-02-05,1.0076437761926578,1.0073548464596913,0.0002889297329665011,1.0,35,34,1,0
2025-02-05,2025-02-06,1.0007635972036397,1.000389662808942,0.00037393439469778805,1.0,45,44,1,0
2025-02-06,2025-02-07,1.0220775177146364,1.0218154736954284,0.00026204401920802136,1.0,31,30,1,0
2025-02-07,2025-02-10,1.037954967118411,1.037794497270787,0.0001604698476241099,1.0,19,18,1,0
2025-02-10,2025-02-11,1.0414525487375255,1.0412736330354426,0.00017891570208273305,1.0,21,20,1,0
2025-02-11,2025-02-12,1.036259835695917,1.0360305829125445,0.00022925278337239068,1.0,27,26,1,0
2025-02-12,2025-02-13,1.0441870187898512,1.0439376947902277,0.0002493239996236824,1.0,29,28,1,0
2025-02-13,2025-02-14,1.0378643037480604,1.037582241951777,0.0002820617962831794,1.0,33,32,1,0
2025-02-14,2025-02-17,1.044829890411282,1.0445765200125539,0.0002533703987281289,1.0,29,28,1,0
2025-02-17,2025-02-18,1.042503132327689,1.0422369882502467,0.0002661440774423161,1.0,31,30,1,0
2025-02-18,2025-02-19,1.02415569314674,1.0238782552689496,0.0002774378777901659,1.0,33,32,1,0
2025-02-19,2025-02-20,1.0356384556626792,1.0353551119908246,0.000283343671854655,1.0,33,32,1,0
2025-02-20,2025-02-21,1.0388555986634993,1.038660816011359,0.0001947826521401513,1.0,23,22,1,0
2025-02-21,2025-02-24,1.0420248126067782,1.0417072554527393,0.0003175571540387612,1.0,37,36,1,0
2025-02-24,2025-02-25,1.0420012118618052,1.0416436580131898,0.00035755384861517914,1.0,41,40,1,0
2025-02-25,2025-02-26,1.0414641891996694,1.041249589322697,0.00021459987697215404,1.0,25,24,1,0
2025-02-26,2025-02-27,1.0541642013634753,1.0539480147179325,0.00021618664554293561,1.0,25,24,1,0
2025-02-27,2025-02-28,1.052053469256545,1.051767555692234,0.0002859135643111353,1.0,33,32,1,0
2025-02-28,2025-03-03,1.0366904622655126,1.0363933095475404,0.0002971527179725234,1.0,35,34,1,0
2025-03-03,2025-03-04,1.0358692640665281,1.0354642919108494,0.00040497215567843805,1.0,47,46,1,0
2025-03-04,2025-03-05,1.0458987786220328,1.045561838275776,0.00033694034625663224,1.0,39,38,1,0
2025-03-05,2025-03-06,1.0444042766460182,1.0441205740072037,0.00028370263881449917,1.0,33,32,1,0
2025-03-06,2025-03-07,1.050585395191734,1.0503876666562915,0.00019772853544248128,1.0,23,22,1,0
2025-03-07,2025-03-10,1.054113805172279,1.053753924236661,0.00035988093561821005,1.0,41,40,1,0
2025-03-10,2025-03-11,1.0506151655740754,1.050240449776079,0.00037471579799601835,1.0,43,42,1,0
2025-03-11,2025-03-12,1.0647047776427108,1.0644331806840936,0.0002715969586170695,1.0,31,30,1,0
2025-03-12,2025-03-13,1.0631653139385693,1.0629490735985814,0.0002162403399879014,1.0,25,24,1,0
2025-03-13,2025-03-14,1.0642377252385524,1.0639098439603505,0.0003278812782016051,1.0,37,36,1,0
2025-03-14,2025-03-17,1.0842190440140622,1.0839041229838602,0.00031492103020229706,1.0,35,34,1,0
2025-03-17,2025-03-18,1.0893252392647443,1.08906673875165,0.00025850051309449603,1.0,29,28,1,0
2025-03-18,2025-03-19,1.0897810253516882,1.0894495240817603,0.0003315012699279695,1.0,37,36,1,0
2025-03-19,2025-03-20,1.0940715002145447,1.0938074803303772,0.0002640198841673062,1.0,29,28,1,0
2025-03-20,2025-03-21,1.0968627214173194,1.0964690785133677,0.0003936429039520577,1.0,43,42,1,0
2025-03-21,2025-03-24,1.0896577165802208,1.0892508582926388,0.00040685828758202803,1.0,45,44,1,0
2025-03-24,2025-03-25,1.0835422172705578,1.0830628308863062,0.00047938638425141025,1.0,53,52,1,0
2025-03-25,2025-03-26,1.0886748105456754,1.0883406333893175,0.000334177156357766,1.0,37,36,1,0
2025-03-26,2025-03-27,1.0922348324397473,1.0919559842203719,0.00027884821937540326,1.0,31,30,1,0
2025-03-27,2025-03-28,1.092955837572053,1.0926440292659816,0.00031180830607145264,1.0,35,34,1,0
2025-03-28,2025-03-31,1.0794001432468139,1.079160588887204,0.00023955435960987256,1.0,27,26,1,0
2025-03-31,2025-04-01,1.0731970253650605,1.072985977387794,0.00021104797726634257,1.0,25,23,2,0
2025-04-01,2025-04-02,1.0828677448255708,1.0826198604470452,0.0002478843785256524,1.0,28,27,1,0
2025-04-02,2025-04-03,1.0777614796793777,1.0775045640948457,0.00025691558453198,1.0,29,28,1,0
2025-04-03,2025-04-07,1.0378417412261387,1.0375406970623071,0.0003010441638313516,1.0,35,34,1,0
2025-04-07,2025-04-08,0.966195030197962,0.9656945855871468,0.0005004446108150119,1.0,63,61,2,0
2025-04-08,2025-04-09,0.9635150968795404,0.9629602640993005,0.0005548327802400879,1.0,70,69,1,0
2025-04-09,2025-04-10,1.0051211699153213,1.0048961414657138,0.000225028449607506,1.0,27,26,1,0
2025-04-10,2025-04-11,1.0031314668128528,1.0028923299521804,0.00023913686067233482,1.0,29,28,1,0
2025-04-11,2025-04-14,1.0260734604485633,1.025843138086924,0.0002303223616394971,1.0,27,26,1,0
2025-04-14,2025-04-15,1.0292315657919304,1.029052534507306,0.0001790312846243698,1.0,21,20,1,0
2025-04-15,2025-04-16,1.0264897104976878,1.026262965367169,0.00022674513051879457,1.0,27,26,1,0
2025-04-16,2025-04-17,1.0122731203427715,1.0121345893280007,0.0001385310147707095,1.0,17,16,1,0
2025-04-17,2025-04-18,1.0210141368523125,1.0207862807606438,0.0002278560916686023,1.0,27,26,1,0
2025-04-18,2025-04-21,1.0218087315602564,1.021566977680579,0.00024175387967750707,1.0,29,28,1,0
2025-04-21,2025-04-22,1.0337777900723881,1.0335122139399011,0.0002655761324869511,1.0,31,30,1,0
2025-04-22,2025-04-23,1.0429030967294681,1.0426180536019984,0.0002850431274698241,1.0,33,32,1,0
2025-04-23,2025-04-24,1.0435948082178423,1.043327107449871,0.00026770076797131,1.0,31,30,1,0
2025-04-24,2025-04-25,1.0429275366873452,1.0426427694827294,0.00028476720461595976,1.0,33,32,1,0
2025-04-25,2025-04-28,1.0453208627886428,1.0450005412947978,0.00032032149384481046,1.0,37,36,1,0
2025-04-28,2025-04-29,1.0288430633772334,1.0285473882587108,0.0002956751185226844,1.0,35,34,1,0
2025-04-29,2025-04-30,1.0365987762333142,1.0362288915711042,0.0003698846622098585,1.0,43,42,1,0
2025-04-30,2025-05-06,1.0482876480969598,1.0479139516456422,0.0003736964513175873,1.0,43,42,1,0
2025-05-06,2025-05-07,1.080301180686994,1.0798905029992227,0.0004106776877713213,1.0,45,44,1,0
2025-05-07,2025-05-08,1.0741201579507327,1.073862875170255,0.00025728278047778473,1.0,29,28,1,0
2025-05-08,2025-05-09,1.0875746658516041,1.0870588394048708,0.0005158264467333654,1.0,57,56,1,0
2025-05-09,2025-05-12,1.086158064247279,1.0855325761457926,0.0006254881014867254,1.0,69,68,1,0
2025-05-12,2025-05-13,1.0988588104300692,1.0986358647771277,0.00022294565294124694,1.0,25,24,1,0
2025-05-13,2025-05-14,1.0895542899308375,1.0893701299008152,0.00018416003002231883,1.0,21,20,1,0
2025-05-14,2025-05-15,1.0895592332340582,1.089299059807566,0.00026017342649233444,1.0,29,28,1,0
2025-05-15,2025-05-16,1.0782718661133077,1.0780349483766654,0.00023691773664241144,1.0,27,26,1,0
2025-05-16,2025-05-19,1.083836834813984,1.0835779668290264,0.0002588679849576574,1.0,29,28,1,0
2025-05-19,2025-05-20,1.0891278165801845,1.0889060729535258,0.00022174362665883156,1.0,25,24,1,0
2025-05-20,2025-05-21,1.0952236622321816,1.095036441222486,0.000187221009695514,1.0,21,20,1,0
2025-05-21,2025-05-22,1.0917163146419029,1.0914918371846025,0.00022447745730040758,1.0,25,24,1,0
2025-05-22,2025-05-23,1.081348359803418,1.0811092160582807,0.00023914374513720062,1.0,27,26,1,0
2025-05-23,2025-05-26,1.0725476258222415,1.0722393230665777,0.00030830275566406874,1.0,35,34,1,0
2025-05-26,2025-05-27,1.0790146832459553,1.0787393782912738,0.00027530495468156354,1.0,31,30,1,0
2025-05-27,2025-05-28,1.0810084734422079,1.0807700018032147,0.00023847163899320104,1.0,27,26,1,0
2025-05-28,2025-05-29,1.0772859182930343,1.077104055360731,0.00018186293230322033,1.0,21,20,1,0
2025-05-29,2025-05-30,1.0957657516196386,1.095260962406239,0.0005047892133996427,1.0,55,54,1,0
2025-05-30,2025-06-03,1.0883443644522046,1.0879896420867832,0.00035472236542125475,1.0,39,38,1,0
2025-06-03,2025-06-04,1.096799159715542,1.096518705999252,0.0002804537162900207,1.0,31,30,1,0
2025-06-04,2025-06-05,1.106398659134984,1.106079536035173,0.0003191230998109085,1.0,35,34,1,0
2025-06-05,2025-06-06,1.1109649240147688,1.1107008903457716,0.00026403366899725847,1.0,29,28,1,0
2025-06-06,2025-06-09,1.1140503555525094,1.1137843695616723,0.0002659859908370842,1.0,29,28,1,0
2025-06-09,2025-06-10,1.1248303098359809,1.1245794130845364,0.00025089675144453986,1.0,27,26,1,0
2025-06-10,2025-06-11,1.1165629939597108,1.1164081749845383,0.00015481897517257413,1.0,17,16,1,0
2025-06-11,2025-06-12,1.1235633213060654,1.12329648644944,0.00026683485662545566,1.0,29,28,1,0
2025-06-12,2025-06-13,1.121069982334605,1.1208219535750845,0.00024802875952049377,1.0,27,26,1,0
2025-06-13,2025-06-16,1.1089263917702066,1.1087355225497049,0.00019086922050191938,1.0,21,20,1,0
2025-06-16,2025-06-17,1.1192728326007746,1.1188562340008035,0.0004165985999710749,1.0,45,44,1,0
2025-06-17,2025-06-18,1.1214920797052563,1.1212511211708185,0.00024095853443781997,1.0,27,25,2,0
2025-06-18,2025-06-19,1.115216467930281,1.1149840941855915,0.00023237374468919865,1.0,26,25,1,0
2025-06-19,2025-06-20,1.1019941967617624,1.1017885395170084,0.00020565724475394003,1.0,23,22,1,0
2025-06-20,2025-06-23,1.0949061676942666,1.0947001673143888,0.000206000379878023,1.0,23,22,1,0
2025-06-23,2025-06-24,1.1120789352738318,1.1117373640768389,0.0003415711969927178,1.0,37,36,1,0
2025-06-24,2025-06-25,1.1317359838240622,1.1314668047688894,0.00026917905517277784,1.0,29,28,1,0
2025-06-25,2025-06-26,1.139429845893811,1.1392344717494418,0.000195374144369201,1.0,21,20,1,0
2025-06-26,2025-06-27,1.1395284074418706,1.1393601709172916,0.00016823652457906605,1.0,19,17,2,0
2025-06-27,2025-06-30,1.1449087494584085,1.1446575617132044,0.00025118774520388145,1.0,28,26,2,0
2025-06-30,2025-07-01,1.1497847500034966,1.1494698960272465,0.00031485397625020115,1.0,34,32,2,0
2025-07-01,2025-07-02,1.151803587227651,1.1515688352609228,0.00023475196672846998,1.0,26,24,2,0
2025-07-02,2025-07-03,1.15784529426996,1.1575286671459608,0.0003166271239991139,1.0,34,32,2,0
2025-07-03,2025-07-04,1.1632509984898518,1.1628331871094195,0.00041781138043237254,1.0,44,42,2,0
2025-07-04,2025-07-07,1.157159693256502,1.1569246192615092,0.00023507399499296273,1.0,26,24,2,0
2025-07-07,2025-07-08,1.161683414869327,1.1614392107011768,0.0002442041681502384,1.0,26,25,1,0
2025-07-08,2025-07-09,1.1736248003101186,1.1733244114356653,0.00030038887445292317,1.0,31,30,1,0
2025-07-09,2025-07-10,1.1720167852579424,1.1717591181602707,0.00025766709767184235,1.0,27,26,1,0
2025-07-10,2025-07-11,1.1815311963805757,1.1812125071400714,0.00031868924050459745,1.0,33,32,1,0
2025-07-11,2025-07-14,1.1842573784515313,1.18397496040285,0.0002824180486812548,1.0,29,28,1,0
2025-07-14,2025-07-15,1.1863043934576256,1.1860845500283699,0.00021984342925570686,1.0,23,22,1,0
2025-07-15,2025-07-16,1.1753684146399432,1.1750294750739678,0.0003389395659755173,1.0,35,34,1,0
2025-07-16,2025-07-17,1.1804644501488384,1.180182756568909,0.00028169357992947474,1.0,29,28,1,0
2025-07-17,2025-07-18,1.1860960368082591,1.1858557023645842,0.00024033444367506132,1.0,25,24,1,0
2025-07-18,2025-07-21,1.1945696279761686,1.1943041354771018,0.0002654924990671208,1.0,27,26,1,0
2025-07-21,2025-07-22,1.213773081648433,1.2134553956789416,0.00031768596949122293,1.0,31,30,1,0
2025-07-22,2025-07-23,1.224733874265393,1.2244427954318298,0.00029107883356326134,1.0,29,28,1,0
2025-07-23,2025-07-24,1.2184939355168958,1.218263700118855,0.00023023539804075183,1.0,23,22,1,0
2025-07-24,2025-07-25,1.236999037062513,1.2366401381261538,0.00035889893635927486,1.0,35,34,1,0
2025-07-25,2025-07-28,1.2399375547260845,1.239664965791892,0.00027258893419265426,1.0,27,26,1,0
2025-07-28,2025-07-29,1.2357794104223998,1.2354667030304287,0.00031270739197079833,1.0,31,30,1,0
2025-07-29,2025-07-30,1.236732717258488,1.2364777676831777,0.00025494957531026755,1.0,25,24,1,0
2025-07-30,2025-07-31,1.2327833242853141,1.232489728056529,0.00029359622878509685,1.0,29,28,1,0
2025-07-31,2025-08-01,1.2203233926142831,1.2200948094771362,0.00022858313714691376,1.0,23,22,1,0
2025-08-01,2025-08-04,1.2231027868419817,1.2228736146093895,0.0002291722325922506,1.0,23,22,1,0
2025-08-04,2025-08-05,1.2389916033981774,1.2387792258677974,0.00021237753037976515,1.0,21,20,1,0
2025-08-05,2025-08-06,1.2452604166142835,1.2450458862155798,0.00021453039870391837,1.0,21,20,1,0
2025-08-06,2025-08-07,1.253017477278981,1.2527408103716406,0.0002766669073404245,1.0,27,26,1,0
2025-08-07,2025-08-08,1.2508829244180868,1.2506706644454606,0.0002122599726264077,1.0,21,20,1,0
2025-08-08,2025-08-11,1.2518428258294128,1.2515006984138295,0.0003421274155832943,1.0,33,32,1,0
2025-08-11,2025-08-12,1.2669361818975076,1.26669786788552,0.00023831401198747294,1.0,23,22,1,0
2025-08-12,2025-08-13,1.2702724292702836,1.2699698611742503,0.00030256809603350165,1.0,29,28,1,0
2025-08-13,2025-08-14,1.2741236708462247,1.273928674193254,0.00019499665297073658,1.0,19,18,1,0
2025-08-14,2025-08-15,1.2539617271383166,1.2537249303476377,0.00023679679067881702,1.0,23,22,1,0
2025-08-15,2025-08-18,1.2735818475699758,1.2733657929610904,0.0002160546088856134,1.0,21,20,1,0
2025-08-18,2025-08-19,1.2859837781353414,1.2857616751760352,0.00022210295930589837,1.0,21,20,1,0
2025-08-19,2025-08-20,1.2894554768846083,1.2892350118170068,0.00022046506760146713,1.0,21,20,1,0
2025-08-20,2025-08-21,1.3058871238078953,1.305555386962436,0.00033173684545947387,1.0,31,30,1,0
2025-08-21,2025-08-22,1.306797178334484,1.3065094946809086,0.0002876836535756268,1.0,27,26,1,0
2025-08-22,2025-08-25,1.3166794078977078,1.3163197791426438,0.0003596287550637935,1.0,33,32,1,0
2025-08-25,2025-08-26,1.3193957365957587,1.3191722030488477,0.00022353354691076704,1.0,21,20,1,0
2025-08-26,2025-08-27,1.3282309083703852,1.3279827045547843,0.0002482038156011406,1.0,23,22,1,0
2025-08-27,2025-08-28,1.3010221107202726,1.3006880702988461,0.0003340404214264957,1.0,31,30,1,0
2025-08-28,2025-08-29,1.3086301994912746,1.3082954327313399,0.00033476675993468355,1.0,31,30,1,0
2025-08-29,2025-09-01,1.3057750279456568,1.305374963203445,0.00040006474221202805,1.0,37,36,1,0
2025-09-01,2025-09-02,1.3107792617658647,1.3104701104997385,0.0003091512661260903,1.0,29,28,1,0
2025-09-02,2025-09-03,1.3058412052026718,1.3055274658248428,0.0003137393778289174,1.0,29,28,1,0
2025-09-03,2025-09-04,1.283424603030623,1.2831405461861336,0.0002840568444894327,1.0,27,26,1,0
2025-09-04,2025-09-05,1.287846773261449,1.2873676164282115,0.00047915683323750206,1.0,45,44,1,0
2025-09-05,2025-09-08,1.3011680518176287,1.3007693933609856,0.00039865845664319784,1.0,37,36,1,0
2025-09-08,2025-09-09,1.3132303287651612,1.3130266873488095,0.00020364141635183147,1.0,19,18,1,0
2025-09-09,2025-09-10,1.3093525085875197,1.309037837919707,0.000314670667812748,1.0,29,28,1,0
2025-09-10,2025-09-11,1.307228548880966,1.3069618819323,0.0002666669486663272,1.0,25,24,1,0
2025-09-11,2025-09-12,1.3202587902569776,1.320011587917832,0.00024720233914552104,1.0,23,22,1,0
2025-09-12,2025-09-15,1.3193035998811327,1.3191029542745913,0.00020064560654144467,1.0,19,18,1,0
2025-09-15,2025-09-16,1.3187461207177775,1.3184749702683392,0.0002711504494382408,1.0,25,24,1,0
2025-09-16,2025-09-17,1.3246330918855662,1.324336190524109,0.00029690136145736504,1.0,27,26,1,0
2025-09-17,2025-09-18,1.3259399911541354,1.3257824764920614,0.00015751466207405263,1.0,15,14,1,0
2025-09-18,2025-09-19,1.3103116682961427,1.309957602352767,0.00035406594337549315,1.0,33,32,1,0
2025-09-19,2025-09-22,1.311136027994966,1.3108226131277756,0.00031341486719043787,1.0,29,28,1,0
2025-09-22,2025-09-23,1.3011078838132135,1.3008431913913694,0.0002646924218441641,1.0,25,24,1,0
2025-09-23,2025-09-24,1.2859446079143437,1.2857041771367916,0.00024043077755207934,1.0,23,22,1,0
2025-09-24,2025-09-25,1.303824399766201,1.3034252258653098,0.000399173900890964,1.0,37,36,1,0
2025-09-25,2025-09-26,1.2935058675518676,1.2931751717229458,0.00033069582892183215,1.0,31,30,1,0
2025-09-26,2025-09-29,1.2921665790823837,1.291923726589557,0.0002428524928270807,1.0,23,22,1,0
2025-09-29,2025-09-30,1.2999010725660318,1.2996785693736352,0.0002225031923964093,1.0,21,20,1,0
2025-09-30,2025-10-09,1.3051075231725573,1.304863353417095,0.0002441697554622096,1.0,23,22,1,0
2025-10-09,2025-10-10,1.314867620153925,1.3145520251209426,0.00031559503298264,1.0,29,28,1,0
2025-10-10,2025-10-13,1.2986298926755873,1.2984974844277948,0.00013240824779244751,1.0,13,12,1,0
2025-10-13,2025-10-14,1.3173492405398894,1.3171483803350021,0.0002008602048873724,1.0,19,18,1,0
2025-10-14,2025-10-15,1.312667389271564,1.3123145290458285,0.000352860225735396,1.0,33,32,1,0
2025-10-15,2025-10-16,1.325098924593733,1.3248038963100706,0.00029502828366266207,1.0,27,26,1,0
2025-10-16,2025-10-17,1.3172247878665553,1.3169787639842925,0.0002460238822628316,1.0,23,22,1,0
2025-10-17,2025-10-20,1.3084749700413427,1.3081175773284668,0.00035739271287593786,1.0,33,32,1,0
2025-10-20,2025-10-21,1.3076235159511844,1.3073582747680057,0.00026524118317871806,1.0,25,24,1,0
2025-10-21,2025-10-22,1.3191204979887712,1.3188948860180045,0.0002256119707665829,1.0,21,20,1,0
2025-10-22,2025-10-23,1.3207364086551332,1.3204746276276227,0.0002617810275104971,1.0,25,23,2,0
2025-10-23,2025-10-24,1.3349455623420559,1.3346399296740947,0.0003056326679611891,1.0,28,27,1,0
2025-10-24,2025-10-27,1.3348803885300264,1.3344728844615352,0.0004075040684915724,1.0,37,36,1,0
2025-10-27,2025-10-28,1.3346726772876472,1.3344011851339261,0.00027149215372089574,1.0,25,24,1,0
2025-10-28,2025-10-29,1.3340982364701803,1.3336693967229594,0.00042883974722101594,1.0,39,38,1,0
2025-10-29,2025-10-30,1.3351144563381285,1.334704258664273,0.00041019767385554206,1.0,37,36,1,0
2025-10-30,2025-10-31,1.3253748860155246,1.3250629185951133,0.0003119674204112137,1.0,29,28,1,0
2025-10-31,2025-11-03,1.3406390031277562,1.3402082180628814,0.0004307850648746398,1.0,39,38,1,0
2025-11-03,2025-11-04,1.3455218757469056,1.3452013013416662,0.000320574405239613,1.0,29,28,1,0
2025-11-04,2025-11-05,1.3352524464101307,1.3349584278683575,0.0002940185417732474,1.0,27,26,1,0
2025-11-05,2025-11-06,1.3484837418380173,1.3482071983838222,0.0002765434541951377,1.0,25,24,1,0
2025-11-06,2025-11-07,1.3493378119494774,1.3490601219518863,0.0002776899975912843,1.0,25,24,1,0
2025-11-07,2025-11-10,1.3639456683693967,1.363567107419906,0.00037856094949073724,1.0,33,32,1,0
2025-11-10,2025-11-11,1.3747882745702804,1.3745079507094466,0.0002803238608335573,1.0,25,24,1,0
2025-11-11,2025-11-12,1.3788616805860572,1.3786495894671116,0.0002120911189454985,1.0,19,18,1,0
2025-11-12,2025-11-13,1.3733574568964109,1.3731705767288669,0.00018688016754422754,1.0,17,16,1,0
2025-11-13,2025-11-14,1.3769218129092835,1.3767331958767348,0.00018861703254861392,1.0,17,16,1,0
2025-11-14,2025-11-17,1.3773226934330078,1.3770406207279249,0.00028207270508286397,1.0,25,24,1,0
2025-11-17,2025-11-18,1.374658348337278,1.3743321233838708,0.000326224953407144,1.0,29,28,1,0
2025-11-18,2025-11-19,1.3653594692511795,1.3650374094294582,0.0003220598217213999,1.0,29,28,1,0
2025-11-19,2025-11-20,1.3574518558490993,1.3571065090693781,0.000345346779721192,1.0,31,30,1,0
2025-11-20,2025-11-21,1.3422375541813862,1.3419206930009937,0.0003168611803925814,1.0,29,28,1,0
2025-11-21,2025-11-24,1.313335941334847,1.3129134566997231,0.00042248463512382684,1.0,39,38,1,0
2025-11-24,2025-11-25,1.323999943491155,1.3235934293726328,0.00040651411852211987,1.0,37,36,1,0
2025-11-25,2025-11-26,1.3268829438876897,1.3266129217994367,0.0002700220882527535,1.0,25,24,1,0
2025-11-26,2025-11-27,1.3227555437405711,1.322427571399288,0.00032797234128332923,1.0,31,29,2,0
2025-11-27,2025-11-28,1.324228065895933,1.323790794341285,0.0004372715546477157,1.0,40,39,1,0
2025-11-28,2025-12-01,1.3344427141217494,1.334102989871672,0.00033972425007729537,1.0,31,30,1,0
2025-12-01,2025-12-02,1.3448633710698443,1.3443588480011905,0.0005045230686538037,1.0,45,44,1,0
2025-12-02,2025-12-03,1.3424075294300721,1.3421105596817071,0.0002969697483650691,1.0,27,26,1,0
2025-12-03,2025-12-04,1.337940517984622,1.3376089108122076,0.0003316071724142616,1.0,31,29,2,0
2025-12-04,2025-12-05,1.3304939397191624,1.3302035359648343,0.0002904037543282436,1.0,28,26,2,0
2025-12-05,2025-12-08,1.3435687805863665,1.3433168209696755,0.00025195961669086944,1.0,24,22,2,0
2025-12-08,2025-12-09,1.3398966542637156,1.3397586046573697,0.0001380496063458421,1.0,14,12,2,0
2025-12-09,2025-12-10,1.3315023399205574,1.3312741583145489,0.00022818160600862264,1.0,22,20,2,0
2025-12-10,2025-12-11,1.336405705713773,1.3360845622979451,0.0003211434158282204,1.0,30,28,2,0
2025-12-11,2025-12-12,1.3183185946026286,1.3180512705559824,0.00026732404664635804,1.0,26,24,2,0
2025-12-12,2025-12-15,1.313487145693496,1.313197182697627,0.0002899629958691021,1.0,28,26,2,0
2025-12-15,2025-12-16,1.3179174512985279,1.3173673896860403,0.0005500616124874154,1.0,52,50,2,0
2025-12-16,2025-12-17,1.301615935957819,1.3013522226741592,0.0002637132836599813,1.0,26,24,2,0
2025-12-17,2025-12-18,1.3056946438397472,1.3053383007796209,0.00035634306012628764,1.0,34,32,2,0
2025-12-18,2025-12-19,1.317097071309854,1.3167834709071624,0.0003136004026914936,1.0,30,28,2,0
2025-12-19,2025-12-22,1.3312487452575474,1.3308862153407301,0.0003625299168175124,1.0,34,32,2,0
2025-12-22,2025-12-23,1.3321575719940588,1.3318319890601666,0.0003255829338921748,1.0,30,29,1,0
2025-12-23,2025-12-24,1.3263672175084937,1.3261623541045433,0.00020486340395049313,1.0,19,18,1,0
2025-12-24,2025-12-25,1.3390625105428706,1.3388554271250663,0.00020708341780417672,1.0,19,18,1,0
2025-12-25,2025-12-26,1.3450900470799994,1.344859818482967,0.000230228597032627,1.0,21,20,1,0
2025-12-26,2025-12-29,1.3451558039240468,1.344948381512635,0.00020742241141165707,1.0,19,18,1,0
2025-12-29,2025-12-30,1.3360210918917104,1.3357263262694747,0.00029476562223560457,1.0,27,26,1,0
2025-12-30,2025-12-31,1.3392059794573017,1.3390006690980971,0.00020531035920461988,1.0,19,18,1,0
